1|John|Doe|john.doe@example.com|johndoe|password123
2|Jane|Smith|jane.smith@example.com|janesmith|password123
3|James|Brown|james.brown@example.com|jamesbrown|password123
4|Emily|Davis|emily.davis@example.com|emilydavis|password123
5|Michael|Wilson|michael.wilson@example.com|michaelwilson|password123
6|Sarah|Taylor|sarah.taylor@example.com|sarahtaylor|password123
7|Chris|Anderson|chris.anderson@example.com|chrisanderson|password123
8|Laura|Thomas|laura.thomas@example.com|laurathomas|password123
9|David|Lee|david.lee@example.com|davidlee|password123
10|Anna|White|anna.white@example.com|annawhite|password123
11|Robert|Harris|robert.harris@example.com|robertharris|password123
12|Sophia|Martin|sophia.martin@example.com|sophiamartin|password123
13|William|Garcia|william.garcia@example.com|williamgarcia|password123
14|Olivia|Martinez|olivia.martinez@example.com|oliviamartinez|password123
15|Daniel|Clark|daniel.clark@example.com|danielclark|password123
16|Emma|Rodriguez|emma.rodriguez@example.com|emmarodriguez|password123
17|Matthew|Lewis|matthew.lewis@example.com|matthewlewis|password123
18|Sophia|Walker|sophia.walker@example.com|sophiawalker|password123
19|Andrew|Hall|andrew.hall@example.com|andrewhall|password123
20|Isabella|Allen|isabella.allen@example.com|isabellaallen|password123